-- phpMyAdmin SQL Dump
-- version 4.0.10deb1
-- http://www.phpmyadmin.net
--
-- Host: 127.0.0.1
-- Generation Time: Dec 06, 2017 at 06:29 PM
-- Server version: 5.5.57-0ubuntu0.14.04.1
-- PHP Version: 5.5.9-1ubuntu4.22
SET sql_mode = "NO_AUTO_VALUE_ON_ZERO";

SET time_zone = "+00:00";

/*!40101 SET @OLD_CHARACTER_SET_CLIENT=@@CHARACTER_SET_CLIENT */;
/*!40101 SET @OLD_CHARACTER_SET_RESULTS=@@CHARACTER_SET_RESULTS */;
/*!40101 SET @OLD_COLLATION_CONNECTION=@@COLLATION_CONNECTION */;
/*!40101 SET NAMES utf8 */;
--
-- Database: `viridian_capstone_project`
--
-- --------------------------------------------------------
--
-- Table structure for table `closedTickets`
--
CREATE TABLE IF NOT EXISTS `closedtickets`
  (
     `intticketid`         INT(11) NOT NULL,
     `strtitle`            VARCHAR(255) DEFAULT NULL,
     `inttypeid`           INT(5) DEFAULT NULL,
     `strdescription`      VARCHAR(255) DEFAULT NULL,
     `dtsubmitted`         DATE DEFAULT NULL,
     `dtclosed`            DATE DEFAULT NULL,
     `strimagefilepath`    VARCHAR(255) DEFAULT NULL,
     `biturgent`           BIT(1) DEFAULT NULL,
     `intuserid`           INT(11) DEFAULT NULL,
     `intemployeeassigned` INT(11) DEFAULT NULL,
     `gpslong`             FLOAT NOT NULL,
     `gpslat`              FLOAT NOT NULL,
     `time`                TIME NOT NULL,
     PRIMARY KEY (`intticketid`),
     KEY `intuserid` (`intuserid`),
     KEY `intemployeeassigned` (`intemployeeassigned`)
  )
engine=innodb
DEFAULT charset=utf8;

--
-- Dumping data for table `closedTickets`
--
INSERT INTO `closedtickets`
            (`intticketid`,
             `strtitle`,
             `inttypeid`,
             `strdescription`,
             `dtsubmitted`,
             `dtclosed`,
             `strimagefilepath`,
             `biturgent`,
             `intuserid`,
             `intemployeeassigned`,
             `gpslong`,
             `gpslat`,
             `time`)
VALUES      (1,
             'The cherry tree is blocking the path',
             6,
             'Its grown so much this year that you cant see around it',
             '2017-11-08',
             '2017-10-03',
             '',
             b'1',
             25,
             6,
             0,
             0,
             '00:00:00'),
            (2,
             'A huge tree fell',
             3,
             'You cant continue down the path',
             '2017-10-17',
             '2017-10-25',
             '',
             b'0',
             18,
             5,
             0,
             0,
             '00:00:00'),
            (3,
             'Same person all week',
             8,
             'Ive seen someone following me on this section all week.',
             '2017-11-16',
             '2017-10-28',
             '',
             b'1',
             4,
             6,
             0,
             0,
             '00:00:00'),
            (4,
             'Somebody spraypainted a bench',
             7,
             'It has someones initials and a heart',
             '2017-11-01',
             '2017-11-06',
             '',
             b'0',
             4,
             2,
             0,
             0,
             '00:00:00'),
            (5,
             'Cut the bushes back!',
             6,
             'I almost hit someone on my bike turning a corner',
             '2017-10-24',
             '2017-10-30',
             '',
             b'0',
             14,
             6,
             0,
             0,
             '00:00:00'),
            (6,
             'Grafitti under the bridge',
             7,
             'It has foul language',
             '2017-10-23',
             '2017-10-24',
             '',
             b'1',
             3,
             3,
             0,
             0,
             '00:00:00');

-- --------------------------------------------------------
--
-- Table structure for table `employees`
--
CREATE TABLE IF NOT EXISTS `employees`
  (
     `intemployeeid`           INT(5) NOT NULL,
     `strfirstname`            VARCHAR(255) DEFAULT NULL,
     `strlastname`             VARCHAR(255) DEFAULT NULL,
     `strusername`             VARCHAR(255) DEFAULT NULL,
     `strencryptedpassword`    VARCHAR(255) DEFAULT NULL,
     `intsecuritylevel`        INT(5) DEFAULT NULL,
     `stremailaddress`         VARCHAR(255) DEFAULT NULL,
     `securityquestion1`       TEXT NOT NULL,
     `securityquestion1answer` VARCHAR(100) NOT NULL,
     `securityquestion2`       TEXT NOT NULL,
     `securityquestion2answer` VARCHAR(100) NOT NULL,
     PRIMARY KEY (`intemployeeid`),
     KEY `intsecuritylevel` (`intsecuritylevel`)
  )
engine=innodb
DEFAULT charset=utf8;

--
-- Dumping data for table `employees`
--
INSERT INTO `employees`
            (`intemployeeid`,
             `strfirstname`,
             `strlastname`,
             `strusername`,
             `strencryptedpassword`,
             `intsecuritylevel`,
             `stremailaddress`,
             `securityquestion1`,
             `securityquestion1answer`,
             `securityquestion2`,
             `securityquestion2answer`)
VALUES      (0,
             'Timmy',
             'Treelover',
             'TTreelover2017',
             'i2l9oveTr$ees',
             1,
             'ilovetrees11072017@gmail.com',
             '',
             '',
             '',
             ''),
            (1,
             'Admin',
             'Admin',
             'supadmin',
             'C@p$tone#',
             1,
             'admin@admin.com',
             '',
             '',
             '',
             ''),
            (2,
             'Bailey',
             'Whitehill',
             'bmwhiteh',
             'password',
             2,
             'bmwhiteh@gmail.com',
             '',
             '',
             '',
             ''),
            (3,
             'Andrea',
             'Moorman',
             'amoorman',
             'test',
             2,
             'amoorman@gmail.com',
             'What is your middle name?',
             'Christine',
             'What is your youngest sister''s middle name?',
             'Rose'),
            (4,
             'Connor',
             'Julian',
             'cjulian',
             'password2',
             3,
             'email@gmail.com',
             '',
             '',
             '',
             ''),
            (5,
             'Brandon',
             'Young',
             'byoung',
             'password4',
             3,
             'email@gmail.com',
             '',
             '',
             '',
             ''),
            (6,
             'Max',
             'Fowler',
             'mfowler',
             'password3',
             4,
             'email@gmail.com',
             '',
             '',
             '',
             '');

-- --------------------------------------------------------
--
-- Table structure for table `locationData`
--
CREATE TABLE IF NOT EXISTS `locationdata`
  (
     `activityid`   INT(11) NOT NULL,
     `activitydate` DATE NOT NULL,
     `time`         TIME NOT NULL,
     `gpslat`       FLOAT NOT NULL,
     `gpslong`      FLOAT NOT NULL,
     PRIMARY KEY (`activityid`)
  )
engine=innodb
DEFAULT charset=latin1;

--
-- Dumping data for table `locationData`
--
INSERT INTO `locationdata`
            (`activityid`,
             `activitydate`,
             `time`,
             `gpslat`,
             `gpslong`)
VALUES      (0,
             '2017-11-07',
             '05:45:08',
             41.2284,
             -85.1725),
            (1,
             '2017-11-05',
             '02:10:34',
             41.1178,
             -85.1083),
            (2,
             '2017-11-01',
             '15:12:52',
             41.1178,
             -85.1083);

-- --------------------------------------------------------
--
-- Table structure for table `maintenancetickets`
--
CREATE TABLE IF NOT EXISTS `maintenancetickets`
  (
     `intticketid`         INT(11) NOT NULL,
     `strtitle`            VARCHAR(255) DEFAULT NULL,
     `inttypeid`           INT(5) DEFAULT NULL,
     `strdescription`      VARCHAR(255) DEFAULT NULL,
     `dtsubmitted`         DATE DEFAULT NULL,
     `dtclosed`            DATE DEFAULT NULL,
     `strimagefilepath`    VARCHAR(255) DEFAULT NULL,
     `biturgent`           BIT(1) DEFAULT NULL,
     `intuserid`           INT(11) DEFAULT NULL,
     `intemployeeassigned` INT(11) DEFAULT NULL,
     `gpslat`              FLOAT NOT NULL,
     `gpslong`             FLOAT NOT NULL,
     `time`                TIME NOT NULL,
     PRIMARY KEY (`intticketid`),
     KEY `intuserid` (`intuserid`),
     KEY `intemployeeassigned` (`intemployeeassigned`)
  )
engine=innodb
DEFAULT charset=utf8;

--
-- Dumping data for table `maintenancetickets`
--
INSERT INTO `maintenancetickets`
            (`intticketid`,
             `strtitle`,
             `inttypeid`,
             `strdescription`,
             `dtsubmitted`,
             `dtclosed`,
             `strimagefilepath`,
             `biturgent`,
             `intuserid`,
             `intemployeeassigned`,
             `gpslat`,
             `gpslong`,
             `time`)
VALUES      (7,
             'There is litter everywhere',
             5,
             'I thought you patroled the paths',
             '2017-10-17',
             '2017-10-29',
             '',
             b'0',
             2,
             2,
             0,
             0,
             '00:00:00'),
            (8,
             'Tree blocking path',
             3,
             'Theres a huge tree in the way',
             '2017-11-07',
             NULL,
             '',
             b'0',
             8,
             3,
             0,
             0,
             '00:00:00'),
            (9,
             'Group of guys loitering',
             8,
             'I ran past them and got catcalls',
             '2017-10-17',
             '2017-10-23',
             '',
             b'1',
             24,
             4,
             0,
             0,
             '00:00:00'),
            (10,
             'The trash cans are full',
             4,
             'The squirrels are getting into the cans.',
             '2017-11-03',
             '2017-11-06',
             '',
             b'0',
             15,
             3,
             0,
             0,
             '00:00:00'),
            (11,
             'This path is trashed',
             5,
             'Please keep these paths clean',
             '2017-11-05',
             '2017-11-13',
             '',
             b'0',
             9,
             5,
             0,
             0,
             '00:00:00'),
            (12,
             'Do you ever empty these?',
             4,
             'These havent been cleaned in a month',
             '2017-11-09',
             '2017-11-13',
             '',
             b'0',
             25,
             3,
             0,
             0,
             '00:00:00'),
            (13,
             'Someone was living in the woods',
             8,
'It seems like someone set up camp in the woods next to the bridge, can someone check this out?'
             ,
'2017-11-16',
'2017-11-19',
'',
b'1',
7,
5,
0,
0,
'00:00:00'),
            (14,
             'The river is over the path',
             1,
             'You need to block of the path',
             '2017-11-08',
             '2017-11-15',
             '',
             b'0',
             7,
             6,
             0,
             0,
             '00:00:00'),
            (15,
             'There is flooding along the path',
             1,
             'Watch this area to make sure it stays safe',
             '2017-11-01',
             '2017-11-08',
             '',
             b'1',
             8,
             2,
             0,
             0,
             '00:00:00'),
            (16,
             'I dont like running in the jungle',
             6,
             'The foliage is so low I have to duck on my bike',
             '2017-11-01',
             '2017-11-10',
             '',
             b'1',
             25,
             4,
             0,
             0,
             '00:00:00'),
            (17,
             'Somebody mustve had a party',
             5,
             'There are beer cans and chip bags everywhere',
             '2017-11-02',
             '2017-11-16',
             '',
             b'1',
             19,
             2,
             0,
             0,
             '00:00:00'),
            (18,
             'Potholes everywhere!',
             2,
             'Almost broken my bike',
             '2017-11-08',
             NULL,
             '',
             b'1',
             1,
             6,
             0,
             0,
             '00:00:00'),
            (19,
             'TOO MUCH TRASH',
             4,
             'IT SMELLS AWFUL',
             '2017-11-02',
             '2017-11-09',
             '',
             b'0',
             11,
             1,
             0,
             0,
             '00:00:00'),
            (20,
             'Somebody didnt clean up their picnic',
             5,
             'The picnic tables are covered in trash',
             '2017-11-08',
             NULL,
             '',
             b'0',
             20,
             2,
             0,
             0,
             '00:00:00'),
            (21,
             'The trash is overflowing',
             4,
             'The animals are getting into it',
             '2017-11-07',
             '2017-11-24',
             '',
             b'0',
             14,
             4,
             0,
             0,
             '00:00:00'),
            (22,
             'Poison Ivy next to the path',
             6,
             'I almost stepped in it',
             '2017-11-17',
             NULL,
             '',
             b'0',
             18,
             5,
             0,
             0,
             '00:00:00'),
            (23,
             'It rained so much theres a river dividing the path',
             1,
             'Close the path',
             '2017-09-12',
             NULL,
             '',
             b'0',
             15,
             5,
             0,
             0,
             '00:00:00'),
            (24,
             'There are sticks everywhere',
             3,
             'Its like walking on eggshells',
             '2017-11-01',
             '2017-11-30',
             '',
             b'1',
             13,
             4,
             0,
             0,
             '00:00:00'),
            (25,
             'Theres brush blocking my line of sight',
             6,
             'I collided with someone when I turned a corner',
             '2017-09-19',
             NULL,
             '',
             b'1',
             4,
             1,
             0,
             0,
             '00:00:00'),
            (26,
             'I sprained my ankle in a pothole',
             2,
             'This is ridiculous',
             '2017-10-09',
             '2017-12-07',
             '',
             b'1',
             8,
             6,
             0,
             0,
             '00:00:00'),
            (27,
             'Older man tried to grab my kid',
             8,
'He tried grabbing my kid as I was getting everyone in the car at the trailhead'
             ,
'2017-11-07',
'2017-11-21',
'',
b'0',
22,
6,
0,
0,
'00:00:00'),
            (28,
             'The storm threw trash everywhere',
             5,
             'It looks like a trash can spilled',
             '2017-11-08',
             NULL,
             '',
             b'1',
             7,
             2,
             0,
             0,
             '00:00:00'),
            (29,
             'Hooligans made a mess',
             7,
             'The place is trashed',
             '2017-11-10',
             '2017-11-18',
             '',
             b'0',
             14,
             2,
             0,
             0,
             '00:00:00'),
            (30,
             'Stray Animal Spotted',
             9,
'I saw a small dog on the path by itself but it wouldnt come to me.',
'2017-11-10',
'2017-11-24',
'',
b'1',
19,
1,
0,
0,
'00:00:00'),
            (31,
             'The trash smells like dead animal',
             4,
             'Did something die in here?',
             '2017-11-01',
             '2017-11-01',
             '',
             b'0',
             18,
             5,
             0,
             0,
             '00:00:00'),
            (32,
             'The maps have been vandalised',
             7,
             'Theres spray paint all of the map',
             '2017-11-09',
             '2017-11-16',
             '',
             b'1',
             23,
             4,
             0,
             0,
             '00:00:00'),
            (33,
             'Fix the Potholes!',
             2,
             'I dont want to fall',
             '2017-11-15',
             '2017-11-23',
             '',
             b'0',
             13,
             2,
             0,
             0,
             '00:00:00'),
            (34,
             'Guy loitering under the bridge',
             8,
             'He was acting weird and not going anywhere',
             '2017-11-02',
             '2017-11-02',
             '',
             b'0',
             18,
             5,
             0,
             0,
             '00:00:00'),
            (35,
             'The closed path marker is broken',
             7,
             'Somebody broken it and its hanging at an odd angle',
             '2017-11-08',
             NULL,
             '',
             b'0',
             10,
             5,
             0,
             0,
             '00:00:00'),
            (36,
             'Messed up railing',
             7,
             'The railing is bent in a strange angle',
             '2017-11-15',
             '2017-11-16',
             '',
             b'0',
             4,
             6,
             0,
             0,
             '00:00:00'),
            (37,
             'Wild Animal Spotted',
             9,
             'I saw a fox walking the path in the early morning hours',
             '2017-11-14',
             '2017-11-09',
             '',
             b'0',
             21,
             4,
             0,
             0,
             '00:00:00'),
            (38,
             'Guy offered me candy',
             8,
             'He tried convincing me to come back with him',
             '2017-11-17',
             '2017-11-17',
             '',
             b'1',
             22,
             3,
             0,
             0,
             '00:00:00'),
            (39,
             'Too much water!',
             1,
             'Somebody could get swept away',
             '2017-11-29',
             NULL,
             '',
             b'0',
             17,
             1,
             0,
             0,
             '00:00:00'),
            (40,
             'Motorcycle on path',
             9,
             'SOMEBODY RODE PAST ME ON A MOTORCYCLE',
             '2017-11-17',
             '2017-12-08',
             '',
             b'1',
             21,
             4,
             0,
             0,
             '00:00:00'),
            (41,
             'The brush is covering the path',
             6,
             'The leaves make the path slippery for riding my bike',
             '2017-11-16',
             '2017-11-23',
             '',
             b'1',
             24,
             4,
             0,
             0,
             '00:00:00'),
            (42,
             'The picnic area is very messy',
             5,
             'There are bees and beer cans on the tables',
             '2017-12-14',
             '2017-12-15',
             '',
             b'1',
             16,
             6,
             0,
             0,
             '00:00:00'),
            (43,
             'Flooded Path not closed',
             1,
             'Why isnt the path closed for high water?',
             '2017-11-02',
             '2017-11-16',
             '',
             b'1',
             3,
             6,
             0,
             0,
             '00:00:00'),
            (44,
             'The path is broken and unsafe',
             2,
             'Please fix this soon',
             '2017-11-10',
             '2017-11-11',
             '',
             b'1',
             21,
             6,
             0,
             0,
             '00:00:00'),
            (45,
             'Possible Drug Deal',
             9,
'It seemed like someone was trying to do a drug deal under the maplecrest bridge'
             ,
'2017-12-15',
'2017-12-23',
'',
b'0',
4,
4,
0,
0,
'00:00:00'),
            (46,
             'I need a mountain bike for this!',
             2,
             'The path is too bumpy',
             '2017-11-16',
             '2018-03-16',
             '',
             b'0',
             23,
             2,
             41.1178,
             -85.1083,
             '04:05:00'),
            (47,
             'Broken benches',
             7,
             'Its broken and tilted',
             '2017-11-09',
             '2017-11-30',
             '',
             b'1',
             23,
             2,
             0,
             0,
             '00:00:00'),
            (48,
             'Random girl wouldnt leave me alone',
             8,
             'She wouldnt quit pestering me to go somewhere with her',
             '2017-11-30',
             NULL,
             '',
             b'0',
             18,
             4,
             0,
             0,
             '00:00:00'),
            (49,
             'There was a squatter near the path',
             8,
             'He seems to be living under the bridge',
             '2017-11-19',
             NULL,
             '',
             b'0',
             9,
             5,
             0,
             0,
             '00:00:00'),
            (50,
             'Someone was following me',
             8,
             'I felt like I was being followed while riding my bike on the path'
             ,
             '2018-01-18',
             '2018-01-26',
             '',
             b'1',
             12,
             4,
             0,
             0,
             '00:00:00');

-- --------------------------------------------------------
--
-- Table structure for table `pushnotifications`
--
CREATE TABLE IF NOT EXISTS `pushnotifications`
  (
     `intnotificationid`      INT(5) NOT NULL auto_increment,
     `strnotificationtype`    VARCHAR(255) DEFAULT NULL,
     `strnotificationcontent` VARCHAR(255) DEFAULT NULL,
     `dtsenttousers`          DATE DEFAULT NULL,
     `dtreceivedfromapi`      DATE DEFAULT NULL,
     `intuserssentto`         INT(11) DEFAULT NULL,
     `strjsonmessage`         VARCHAR(1000) DEFAULT NULL,
     PRIMARY KEY (`intnotificationid`)
  )
engine=innodb
DEFAULT charset=utf8
auto_increment=18;

--
-- Dumping data for table `pushnotifications`
--
INSERT INTO `pushnotifications`
            (`intnotificationid`,
             `strnotificationtype`,
             `strnotificationcontent`,
             `dtsenttousers`,
             `dtreceivedfromapi`,
             `intuserssentto`,
             `strjsonmessage`)
VALUES      (1,
             'local event',
             ' ',
             '2017-11-01',
             NULL,
             13,
             'asdfasdf'),
            (2,
             'weather',
             'test info',
             '2017-10-30',
             '2017-10-30',
             10,
             'test weather'),
            (3,
             'Local Event',
             'Park Party',
             '2017-10-31',
             NULL,
             13,
             'There''s a park party near you! Check it out!'),
            (4,
             'weather alert',
             'Tornado Watch',
             '2017-10-31',
             '2017-10-31',
             13,
             'There is a tornado watch in effect in your area until 9pm.'),
            (5,
             'Severe Weather',
             'Tsunami Alert',
             '2017-10-30',
             '2017-10-30',
             2,
             'There is a tsunami alert in effect for your area until 1am.'),
            (6,
             'Local Event',
             'Zombie Walk',
             '2017-10-31',
             NULL,
             12,
             'Happy Halloween! Join us for a Zombie Walk downtown today!'),
            (11,
             'trail closure',
             ' ',
             '2017-11-01',
             NULL,
             15,
             'Trail System is Closed'),
            (12,
             'local event',
             ' ',
             '2017-10-31',
             NULL,
             15,
             'Happy Halloween'),
            (13,
             'local event',
             ' ',
             '2017-10-10',
             NULL,
             15,
             'HI BAILEY'),
            (14,
             'local event',
             ' ',
             '2017-11-02',
             NULL,
             15,
             'Hi connor'),
            (15,
             'local event',
             ' ',
             '2017-11-06',
             NULL,
             15,
             'hey team'),
            (16,
             'local event',
             ' ',
             '2017-11-22',
             NULL,
             15,
             'hi philip'),
            (17,
             'local event',
             ' ',
             '2017-11-30',
             NULL,
             15,
             'test ');

-- --------------------------------------------------------
--
-- Table structure for table `pushnotifications_receivedby`
--
CREATE TABLE IF NOT EXISTS `pushnotifications_receivedby`
  (
     `intindex`          INT(5) NOT NULL,
     `intnotificationid` INT(5) DEFAULT NULL,
     `intuserid`         INT(5) DEFAULT NULL,
     PRIMARY KEY (`intindex`),
     KEY `intuserid` (`intuserid`),
     KEY `intnotificationid` (`intnotificationid`)
  )
engine=innodb
DEFAULT charset=utf8;

-- --------------------------------------------------------
--
-- Table structure for table `securitylevels`
--
CREATE TABLE IF NOT EXISTS `securitylevels`
  (
     `intsecuritylevelid`  INT(5) NOT NULL,
     `strleveldescription` VARCHAR(255) DEFAULT NULL,
     `strsecuritytitle`    VARCHAR(255) DEFAULT NULL,
     `intemployeeassigned` INT(5) DEFAULT NULL,
     `bitassigntickets`    BIT(1) DEFAULT NULL,
     `bitclosetickets`     BIT(1) DEFAULT NULL,
     `bitcreatetickets`    BIT(1) DEFAULT NULL,
     `strsecuritylevel`    TEXT NOT NULL,
     PRIMARY KEY (`intsecuritylevelid`)
  )
engine=innodb
DEFAULT charset=utf8;

--
-- Dumping data for table `securitylevels`
--
INSERT INTO `securitylevels`
            (`intsecuritylevelid`,
             `strleveldescription`,
             `strsecuritytitle`,
             `intemployeeassigned`,
             `bitassigntickets`,
             `bitclosetickets`,
             `bitcreatetickets`,
             `strsecuritylevel`)
VALUES      (1,
'Ability to add/remove portal users, edit customization, create/view/assign/edit all tickets'
             ,
'Administrator',
NULL,
b'1',
b'1',
b'1',
'Level 1'),
            (2,
'Create/view/assign/edit all tickets, view all graphics, allow pictures sent by users'
             ,
'Region Manager',
NULL,
b'1',
b'1',
b'1',
'Level 2'),
            (3,
'Create/view/assign/edit all tickets, allow pictures sent by users, view region graphics'
             ,
'Manager',
NULL,
b'1',
b'1',
b'1',
'Level 3'),
            (4,
             'Create/view/edit all tickets',
             'Ranger',
             NULL,
             b'1',
             b'0',
             b'1',
             'Level 4');

-- --------------------------------------------------------
--
-- Table structure for table `TicketNotes`
--
CREATE TABLE IF NOT EXISTS `ticketnotes`
  (
     `noteid`      INT(11) NOT NULL DEFAULT '0',
     `intticketid` INT(11) DEFAULT NULL,
     `comment`     VARCHAR(256) DEFAULT NULL,
     PRIMARY KEY (`noteid`),
     KEY `intticketid` (`intticketid`)
  )
engine=innodb
DEFAULT charset=latin1;

--
-- Dumping data for table `TicketNotes`
--
INSERT INTO `ticketnotes`
            (`noteid`,
             `intticketid`,
             `comment`)
VALUES      (1,
             9,
             '        test'),
            (2,
             7,
             'Note id test'),
            (3,
             7,
             '        Test 3'),
            (4,
             7,
             '        Test 3'),
            (5,
             12,
             '        this is gross'),
            (6,
             7,
             'okay');

-- --------------------------------------------------------
--
-- Table structure for table `tickettypes`
--
CREATE TABLE IF NOT EXISTS `tickettypes`
  (
     `inttypeid`            INT(11) NOT NULL,
     `strtickettype`        VARCHAR(255) DEFAULT NULL,
     `strticketdescription` VARCHAR(255) DEFAULT NULL,
     PRIMARY KEY (`inttypeid`)
  )
engine=innodb
DEFAULT charset=utf8;

--
-- Dumping data for table `tickettypes`
--
INSERT INTO `tickettypes`
            (`inttypeid`,
             `strtickettype`,
             `strticketdescription`)
VALUES      (1,
             'High Water',
             'Flooding on Path'),
            (2,
             'Pothole',
             'Uneven or Broken Path'),
            (3,
             'Tree/Branch',
             'Branch/Tree blocking path'),
            (4,
             'Trash Full',
             'Trash can on path is full'),
            (5,
             'Litter',
             'There is litter on the path'),
            (6,
             'Overgrown Brush',
             'Foliage overhanging path'),
            (7,
             'Vandalism',
             'Something has been damaged by vandalism.'),
            (8,
             'Suspicious Persons',
             'There is a suspicious person on the path'),
            (9,
             'Other',
             'Anything not covered by other tickets');

-- --------------------------------------------------------
--
-- Table structure for table `users`
--
CREATE TABLE IF NOT EXISTS `users`
  (
     `intuserid`               INT(5) NOT NULL,
     `strusername`             VARCHAR(255) DEFAULT NULL,
     `strencryptedpassword`    VARCHAR(255) DEFAULT NULL,
     `stremailaddress`         VARCHAR(255) DEFAULT NULL,
     `strfirstname`            VARCHAR(255) DEFAULT NULL,
     `strlastname`             VARCHAR(255) DEFAULT NULL,
     `intage`                  INT(2) DEFAULT NULL,
     `intweight`               INT(3) DEFAULT NULL,
     `intheight`               INT(2) DEFAULT NULL,
     `strgender`               VARCHAR(255) DEFAULT NULL,
     `intactivitytrackedid`    INT(5) DEFAULT NULL,
     `intticketssubmittedid`   INT(5) DEFAULT NULL,
     `bitsendpictures`         BIT(1) DEFAULT NULL,
     `bitreceivenotifications` BIT(1) DEFAULT NULL,
     `intzipcode`              INT(5) DEFAULT NULL,
     `dtstartdate`             DATE DEFAULT NULL,
     PRIMARY KEY (`intuserid`)
  )
engine=innodb
DEFAULT charset=utf8;

--
-- Dumping data for table `users`
--
INSERT INTO `users`
            (`intuserid`,
             `strusername`,
             `strencryptedpassword`,
             `stremailaddress`,
             `strfirstname`,
             `strlastname`,
             `intage`,
             `intweight`,
             `intheight`,
             `strgender`,
             `intactivitytrackedid`,
             `intticketssubmittedid`,
             `bitsendpictures`,
             `bitreceivenotifications`,
             `intzipcode`,
             `dtstartdate`)
VALUES      (1,
             'Ddavidson',
             'whK5ejze',
             'Ddavidson@gmail.com',
             'Diane',
             'Davidson',
             45,
             137,
             69,
             'Female',
             NULL,
             NULL,
             b'1',
             b'1',
             46809,
             '2017-06-12'),
            (2,
             'Ggray',
             'Dm4JVNmA',
             'Ggray@gmail.com',
             'Gwen',
             'Gray',
             62,
             189,
             66,
             'Female',
             NULL,
             NULL,
             b'1',
             b'1',
             46805,
             '2017-06-15'),
            (3,
             'Cweber',
             'ftW79pyy',
             'Cweber@gmail.com',
             'Clara',
             'Weber',
             74,
             160,
             71,
             'Female',
             NULL,
             NULL,
             b'1',
             b'0',
             46819,
             '2017-12-29'),
            (4,
             'KJensen',
             'aSv8qAXm',
             'KJensen@gmail.com',
             'Kimberly',
             'Jensen',
             32,
             184,
             62,
             'Female',
             NULL,
             NULL,
             b'1',
             b'0',
             46801,
             '2017-12-17'),
            (5,
             'Shiggins',
             'NzzJeuKg',
             'Shiggins@gmail.com',
             'Sonja',
             'Higgins',
             68,
             175,
             76,
             'Female',
             NULL,
             NULL,
             b'1',
             b'0',
             46803,
             '2017-12-05'),
            (6,
             'Mburton',
             'ckDYv2Tb',
             'Mburton@gmail.com',
             'Marcella',
             'Burton',
             18,
             227,
             76,
             'Female',
             NULL,
             NULL,
             b'1',
             b'1',
             46802,
             '2017-12-03'),
            (7,
             'Ohart',
             '77NQWWjs',
             'Ohart@gmail.com',
             'Orville',
             'Hart',
             66,
             222,
             72,
             'Male',
             NULL,
             NULL,
             b'1',
             b'1',
             46815,
             '2017-11-09'),
            (8,
             'Slarson',
             'Sr4GK6aA',
             'Slarson@gmail.com',
             'Sheldon',
             'Larson',
             67,
             199,
             67,
             'Male',
             NULL,
             NULL,
             b'1',
             b'1',
             46804,
             '2017-11-02'),
            (9,
             'Sarmstrong',
             'QB6A5hjC',
             'Sarmstrong@gmail.com',
             'Stella',
             'Armstrong',
             58,
             200,
             69,
             'Female',
             NULL,
             NULL,
             b'1',
             b'1',
             46774,
             '2017-10-20'),
            (10,
             'Jadams',
             'CgUWRc65',
             'Jadams@gmail.com',
             'Jose',
             'Adams',
             21,
             221,
             60,
             'Male',
             NULL,
             NULL,
             b'1',
             b'1',
             46808,
             '2017-10-02'),
            (11,
             'Byoung',
             'WhQXzaeK',
             'Byoung@gmail.com',
             'Bradley',
             'Young',
             74,
             175,
             62,
             'Male',
             NULL,
             NULL,
             b'1',
             b'1',
             46845,
             '2017-09-27'),
            (12,
             'Kgardner',
             'YrJLB9TZ',
             'Kgardner@gmail.com',
             'Kara',
             'Gardner',
             67,
             179,
             65,
             'Female',
             NULL,
             NULL,
             b'1',
             b'1',
             46818,
             '2017-09-22'),
            (13,
             'Dmcdonald',
             '5RPWxJ6z',
             'Dmcdonald@gmail.com',
             'Danny',
             'Mcdonald',
             70,
             223,
             67,
             'Male',
             NULL,
             NULL,
             b'0',
             b'0',
             46825,
             '2017-09-11'),
            (14,
             'Iortiz',
             'n82aXymV',
             'Iortiz@gmail.com',
             'Isabel',
             'Ortiz',
             51,
             170,
             63,
             'Female',
             NULL,
             NULL,
             b'0',
             b'0',
             46816,
             '2017-09-04'),
            (15,
             'Ddavis',
             'GFmfddgf',
             'Ddavis@gmail.com',
             'Deanna',
             'Davis',
             16,
             169,
             66,
             'Female',
             NULL,
             NULL,
             b'0',
             b'0',
             46807,
             '2017-08-29'),
            (16,
             'Hcain',
             'j2qT2u8F',
             'Hcain@gmail.com',
             'Horace',
             'Cain',
             22,
             238,
             67,
             'Male',
             NULL,
             NULL,
             b'0',
             b'0',
             46815,
             '2017-08-16'),
            (17,
             'Jbrady',
             'RdjakUdh',
             'Jbrady@gmail.com',
             'Jana',
             'Brady',
             76,
             222,
             71,
             'Female',
             NULL,
             NULL,
             b'0',
             b'0',
             46835,
             '2017-08-06'),
            (18,
             'Dvasquez',
             'jjSsPshq',
             'Dvasquez@gmail.com',
             'Darren',
             'Vasquez',
             20,
             139,
             65,
             'Male',
             NULL,
             NULL,
             b'0',
             b'0',
             46850,
             '2017-07-29'),
            (19,
             'Agreer',
             'zK5V6XDa',
             'Agreer@gmail.com',
             'Alejandro',
             'Greer',
             79,
             150,
             72,
             'Male',
             NULL,
             NULL,
             b'0',
             b'0',
             46806,
             '2017-07-28'),
            (20,
             'Dbarnett',
             '2sa9Bgep',
             'Dbarnett@gmail.com',
             'Dennis',
             'Barnett',
             62,
             158,
             70,
             'Male',
             NULL,
             NULL,
             b'0',
             b'1',
             46802,
             '2017-07-18'),
            (21,
             'Wsparks',
             'H3BFzwC8',
             'Wsparks@gmail.com',
             'Wilbert',
             'Sparks',
             41,
             211,
             60,
             'Male',
             NULL,
             NULL,
             b'0',
             b'1',
             46815,
             '2017-07-15'),
            (22,
             'Rstokes',
             'JUJ2qpdF',
             'Rstokes@gmail.com',
             'Ross',
             'Stokes',
             41,
             224,
             70,
             'Male',
             NULL,
             NULL,
             b'0',
             b'1',
             46804,
             '2017-07-13'),
            (23,
             'Rmack',
             'BkR3zp4X',
             'Rmack@gmail.com',
             'Russell',
             'Mack',
             56,
             128,
             70,
             'Male',
             NULL,
             NULL,
             b'0',
             b'1',
             46774,
             '2017-07-07'),
            (24,
             'Aosborne',
             'E3aLkAgZ',
             'Aosborne@gmail.com',
             'Andrew',
             'Osborne',
             52,
             204,
             74,
             'Male',
             NULL,
             NULL,
             b'0',
             b'1',
             46808,
             '2017-07-06'),
            (25,
             'Kjensen',
             '5hAh2J95',
             'Kjensen@gmail.com',
             'Leon',
             'Washington',
             60,
             131,
             76,
             'Male',
             NULL,
             NULL,
             b'0',
             b'1',
             46845,
             '2017-06-19');

--
-- Constraints for dumped tables
--
--
-- Constraints for table `employees`
--
ALTER TABLE `employees`
  ADD CONSTRAINT `employees_ibfk_1` FOREIGN KEY (`intsecuritylevel`) REFERENCES
  `securitylevels` (`intsecuritylevelid`);

--
-- Constraints for table `maintenancetickets`
--
ALTER TABLE `maintenancetickets`
  ADD CONSTRAINT `maintenancetickets_ibfk_1` FOREIGN KEY (`intuserid`)
  REFERENCES `users` (`intuserid`),
  ADD CONSTRAINT `maintenancetickets_ibfk_2` FOREIGN KEY (`intemployeeassigned`)
  REFERENCES `employees` (`intemployeeid`);

--
-- Constraints for table `pushnotifications_receivedby`
--
ALTER TABLE `pushnotifications_receivedby`
  ADD CONSTRAINT `pushnotifications_receivedby_ibfk_1` FOREIGN KEY (`intuserid`)
  REFERENCES `users` (`intuserid`),
  ADD CONSTRAINT `pushnotifications_receivedby_ibfk_2` FOREIGN KEY (
  `intnotificationid`) REFERENCES `pushnotifications` (`intnotificationid`);

--
-- Constraints for table `TicketNotes`
--
ALTER TABLE `ticketnotes`
  ADD CONSTRAINT `ticketnotes_ibfk_1` FOREIGN KEY (`intticketid`) REFERENCES
  `maintenancetickets` (`intticketid`);
/*!40101 SET CHARACTER_SET_CLIENT=@OLD_CHARACTER_SET_CLIENT */;
/*!40101 SET CHARACTER_SET_RESULTS=@OLD_CHARACTER_SET_RESULTS */;
/*!40101 SET COLLATION_CONNECTION=@OLD_COLLATION_CONNECTION */; 